step,AvgRoutedR,AvgR,AvgRouted%,ActorLoss,BaselineLoss
0,1101.586171875,3048.1142578125,78.125,3838.03759765625,15129768.0
1,1105.21203125,3050.947265625,78.125,3816.259033203125,14872213.0
2,1096.9790157004832,2801.07275390625,80.859375,3464.752685546875,13418826.0
3,1098.7734375,3045.91748046875,78.125,3744.017333984375,14266112.0
4,1099.2862877833754,3098.4697265625,77.5390625,3616.587646484375,14365338.0
5,1100.8467487373737,3117.061279296875,77.34375,3770.868408203125,14632931.0
6,1097.793244949495,3114.69970703125,77.34375,3775.724365234375,15213237.0
7,1100.3314462560386,2803.783203125,80.859375,3817.35546875,15857243.0
8,1101.1424542682928,2873.96142578125,80.078125,3508.29931640625,16407952.0
9,1098.1931540342298,2888.986328125,79.8828125,3100.269287109375,13400690.0
10,1099.3712377149877,2924.695556640625,79.4921875,2821.22509765625,13477463.0
11,1100.5184624697335,2821.316650390625,80.6640625,3413.55517578125,16293827.0
12,1096.5003048780488,2870.24462890625,80.078125,3233.0546875,15513139.0
13,1097.6897956161138,2662.54931640625,82.421875,3074.609375,15377856.0
14,1098.6763392857142,2941.52880859375,79.296875,2385.905517578125,13315720.0
15,1099.9654287439614,2803.48779296875,80.859375,2776.275390625,14986519.0
16,1098.5124378109454,3010.94091796875,78.515625,2522.177734375,13921672.0
17,1098.9065462085307,2663.551513671875,82.421875,2575.58447265625,16184211.0
18,1097.9483343160377,2627.98828125,82.8125,2767.82275390625,15672509.0
19,1100.3636568509614,2769.0458984375,81.25,2572.208740234375,15770714.0
20,1098.3828835227273,2350.17333984375,85.9375,2892.172119140625,16531322.0
21,1104.1411924939466,2824.239013671875,80.6640625,2919.400390625,17407966.0
22,1100.6342165898618,2456.39697265625,84.765625,2468.36962890625,15717459.0
23,1099.4338714454977,2663.98681640625,82.421875,2570.974853515625,15678063.0
24,1098.588061097257,3028.385986328125,78.3203125,2474.95849609375,14915346.0
25,1098.097628281623,2715.04443359375,81.8359375,2400.798583984375,15375040.0
26,1100.3400692840646,2473.52978515625,84.5703125,2530.58837890625,16529831.0
27,1100.8980704697988,2230.6669921875,87.3046875,2549.255126953125,16684547.0
28,1098.6830975750577,2472.12841796875,84.5703125,2573.34912109375,15844475.0
29,1100.6446759259259,2491.168701171875,84.375,2556.839599609375,16698301.0
30,1097.435326738609,2749.2783203125,81.4453125,2525.376953125,16004813.0
31,1098.001640811456,2714.966552734375,81.8359375,2540.89111328125,15800851.0
32,1100.2450697815534,2838.478271484375,80.46875,2470.785888671875,16467655.0
33,1098.864058924485,2402.741455078125,85.3515625,2391.772705078125,15549048.0
34,1102.4960572429907,2562.24267578125,83.59375,2452.970458984375,16639322.0
35,1101.1827205882353,2613.28662109375,83.0078125,2323.067138671875,15838730.0
36,1098.9198275862068,2437.559326171875,84.9609375,2421.964599609375,15637917.0
37,1098.2263773696682,2662.99169921875,82.421875,2392.068115234375,15517968.0
38,1096.8676512557079,2383.6484375,85.546875,2496.39306640625,17211758.0
39,1098.0097383720931,2523.719482421875,83.984375,2616.867919921875,17177942.0
40,1100.6762728832953,2404.2880859375,85.3515625,2806.635498046875,17019440.0
41,1098.0711009174313,2419.450927734375,85.15625,2483.214599609375,16994030.0
42,1099.5519376456878,2542.3984375,83.7890625,2636.303955078125,16769619.0
43,1096.4166417464114,2731.05908203125,81.640625,2378.326904296875,15071888.0
44,1101.066012880562,2578.427734375,83.3984375,2360.685302734375,16490144.0
45,1098.3187356651376,2419.662109375,85.15625,2590.219970703125,17707730.0
46,1098.6817318925234,2559.05419921875,83.59375,2295.513427734375,16238008.0
47,1097.746203271028,2558.2724609375,83.59375,2224.167236328125,14742682.0
48,1098.2328629032259,2454.36181640625,84.765625,2433.241455078125,16630767.0
49,1098.260613207547,2628.2470703125,82.8125,2350.658935546875,15845682.0
50,1094.7293346774193,2451.3916015625,84.765625,2499.899169921875,16832948.0
51,1094.1948784722222,2485.72705078125,84.375,2539.076904296875,16539632.0
52,1097.7117005813955,2523.468994140625,83.984375,2212.408203125,16221853.0
53,1097.5030147058824,2610.232177734375,83.0078125,2387.34130859375,16774093.0
54,1097.05346132287,2244.69873046875,87.109375,2546.498779296875,16821892.0
55,1096.1345663265306,2330.8505859375,86.1328125,2442.930419921875,16518658.0
56,1097.5979403409092,2349.49853515625,85.9375,2564.411865234375,16561989.0
57,1097.434685334873,2471.072509765625,84.5703125,2391.70556640625,16232202.0
58,1095.0229820627803,2242.9306640625,87.109375,2553.161376953125,17423286.0
59,1095.8803146258504,2330.631103515625,86.1328125,2452.45947265625,17465816.0
60,1096.5001395089287,2209.43798828125,87.5,2805.7939453125,17788822.0
61,1098.8162219101123,2263.61962890625,86.9140625,2519.50732421875,16927518.0
62,1096.779768623025,2296.6279296875,86.5234375,2413.337646484375,15881853.0
63,1098.5296016483517,2089.513671875,88.8671875,2473.148193359375,15865066.0
64,1096.6099355381166,2244.3125,87.109375,2841.38134765625,17624982.0
65,1096.4714265046296,2487.6474609375,84.375,2707.575439453125,17754660.0
66,1097.2348294183446,2227.468505859375,87.3046875,2783.57275390625,18073182.0
67,1095.409943181818,2347.6181640625,85.9375,2767.673095703125,17416534.0
68,1096.9953368596882,2192.482421875,87.6953125,2502.164794921875,17268860.0
69,1097.038683920705,2105.577392578125,88.671875,3257.560546875,19365630.0
70,1094.9969938478748,2225.515625,87.3046875,2828.499755859375,17871370.0
71,1097.0350167410713,2209.9052734375,87.5,3018.53515625,19470084.0
72,1096.477329799107,2209.41796875,87.5,2847.930908203125,16901190.0
73,1097.2159463894968,2053.569580078125,89.2578125,2786.713623046875,18332762.0
74,1096.0827814569536,2122.11962890625,88.4765625,3293.50634765625,20636774.0
75,1098.538070712695,2193.835693359375,87.6953125,2969.730224609375,17204304.0
76,1099.2024515086207,1933.6522216796875,90.625,2896.49609375,17485604.0
77,1095.585486111111,2173.8544921875,87.890625,3157.708740234375,19750006.0
78,1096.260463800905,2313.56884765625,86.328125,2828.648681640625,17010736.0
79,1097.5865066225165,2123.45068359375,88.4765625,2891.380126953125,17301912.0
80,1096.4168682795698,1913.7381591796875,90.8203125,3059.241943359375,18659568.0
81,1096.9678472222222,2175.06982421875,87.890625,3080.019287109375,17641246.0
82,1096.1668669871794,1861.340087890625,91.40625,3138.931396484375,18631424.0
83,1095.810597826087,2000.142333984375,89.84375,2679.35302734375,15546995.0
84,1097.797539893617,1828.056396484375,91.796875,3015.51025390625,18296486.0
85,1093.1823937908496,2015.1763916015625,89.6484375,3046.930908203125,18561478.0
86,1094.501965835141,1981.5728759765625,90.0390625,2929.159423828125,18382612.0
87,1096.0871784116332,2226.466796875,87.3046875,2626.213134765625,16730933.0
88,1094.5413019693653,2051.18212890625,89.2578125,3006.331787109375,17786756.0
89,1094.3080456570156,2190.125244140625,87.6953125,2875.865234375,17683622.0
90,1095.325080299786,1877.962158203125,91.2109375,3038.3125,18864732.0
91,1099.2117980561554,1951.0450439453125,90.4296875,2954.276123046875,19653030.0
92,1099.9165296052631,2073.36328125,89.0625,2791.74462890625,18189516.0
93,1097.3210851648353,2088.439697265625,88.8671875,2598.619873046875,17340212.0
94,1096.6767429193899,2018.30908203125,89.6484375,2657.5791015625,17338460.0
95,1097.7212063318777,2036.63330078125,89.453125,2698.397705078125,17822944.0
96,1094.5746076839828,1964.2449951171875,90.234375,2640.301513671875,17710480.0
97,1092.8795780254777,1806.1448974609375,91.9921875,2822.70751953125,19016566.0
98,1095.3174582463466,1669.2523193359375,93.5546875,3028.831787109375,19898998.0
99,1096.5904211956522,2000.8427734375,89.84375,2707.124755859375,18364844.0
100,1094.0609642094016,1859.4150390625,91.40625,2838.255615234375,17930458.0
101,1094.8366913377192,2068.83837890625,89.0625,2833.495849609375,18322654.0
102,1093.9838752665246,1841.94970703125,91.6015625,2705.01611328125,18581498.0
103,1095.4410451680671,1721.5428466796875,92.96875,3238.139404296875,19636910.0
104,1093.3367153679653,1963.1279296875,90.234375,3046.220458984375,18767830.0
105,1095.9158809267242,1930.6737060546875,90.625,2869.509033203125,18566344.0
106,1092.1507196162047,1840.2708740234375,91.6015625,3044.5859375,19144874.0
107,1092.7916666666667,1649.4925537109375,93.75,3031.321533203125,19490626.0
108,1093.0826226012794,1841.1240234375,91.6015625,2748.1875,17427788.0
109,1093.1186717118999,1667.1949462890625,93.5546875,2797.312255859375,17996824.0
110,1093.0096821581196,1858.4541015625,91.40625,2743.986328125,17349024.0
111,1096.8072361407249,1844.536376953125,91.6015625,2817.413818359375,19758246.0
112,1094.6383835758836,1633.8306884765625,93.9453125,2867.108642578125,19138148.0
113,1091.2051949786326,1856.8048095703125,91.40625,2532.60693359375,17389600.0
114,1096.6043841336118,1670.455810546875,93.5546875,2963.591552734375,19628076.0
115,1092.4401096033403,1666.559814453125,93.5546875,2807.360107421875,18700280.0
116,1091.8391736401675,1683.396240234375,93.359375,2855.855224609375,18844094.0
117,1094.8211956521739,1999.254150390625,89.84375,2475.264892578125,17710918.0
118,1096.9609375,1653.400634765625,93.75,2674.91064453125,17994948.0
119,1094.0062235169491,1789.7874755859375,92.1875,2722.7421875,18704970.0
120,1093.301994680851,1823.92919921875,91.796875,2578.217041015625,17742740.0
121,1091.448340471092,1874.426513671875,91.2109375,2814.03955078125,18778686.0
122,1093.3404811715482,1684.79833984375,93.359375,2478.145751953125,18214692.0
123,1093.7481382978724,1824.33935546875,91.796875,2775.156982421875,19499866.0
124,1092.824452457265,1858.2850341796875,91.40625,2380.55078125,17016442.0
125,1090.83125,1821.661376953125,91.796875,2600.84716796875,18396330.0
126,1093.4862659235669,1806.7027587890625,91.9921875,2280.644287109375,17260896.0
127,1093.8276991614255,1702.648193359375,93.1640625,2489.908935546875,17715172.0
128,1092.6711783439491,1805.95361328125,91.9921875,2374.077880859375,18010570.0
129,1093.0852697649573,1858.5230712890625,91.40625,2461.5205078125,17406412.0
130,1095.516555851064,1825.962646484375,91.796875,2510.857421875,18961782.0
131,1095.1060126582279,1756.01611328125,92.578125,2440.639404296875,18082508.0
132,1093.7438021920668,1667.779541015625,93.5546875,2583.193115234375,19011514.0
133,1092.3541666666667,1544.6954345703125,94.921875,2455.47021484375,17918890.0
134,1092.765560165975,1614.67333984375,94.140625,2440.30029296875,19042832.0
135,1095.1176819620252,1756.027587890625,92.578125,2436.125,18782170.0
136,1094.599686847599,1668.58056640625,93.5546875,2351.96484375,17470246.0
137,1093.6457243723848,1685.0830078125,93.359375,2434.057373046875,18620086.0
138,1094.9344736842106,1738.4647216796875,92.7734375,2382.732177734375,18949066.0
139,1093.4555746822034,1789.279296875,92.1875,2481.559814453125,18133514.0
140,1092.4167976939204,1701.3341064453125,93.1640625,2445.603515625,17423530.0
141,1094.1503623188405,1598.583740234375,94.3359375,2395.193115234375,19810428.0
142,1090.9593098958333,1647.774658203125,93.75,2322.552001953125,17413004.0
143,1094.5243055555557,1859.838623046875,91.40625,2548.41796875,18397420.0
144,1090.349960359408,1769.014892578125,92.3828125,2547.759521484375,18643008.0
145,1093.00012993763,1632.290771484375,93.9453125,2445.878662109375,18476904.0
146,1093.1343555093556,1632.4171142578125,93.9453125,2401.877197265625,18653222.0
147,1093.9934142561983,1581.040283203125,94.53125,2575.867919921875,19743380.0
148,1092.7972623966941,1579.91015625,94.53125,2503.69677734375,19301898.0
149,1093.8099437627811,1493.892578125,95.5078125,2710.75439453125,19911454.0
150,1089.813526694045,1524.881591796875,95.1171875,2445.864990234375,19897874.0
151,1093.6813802083334,1650.326416015625,93.75,2730.47900390625,21193398.0
152,1091.1992269392033,1700.19921875,93.1640625,2262.210205078125,17868728.0
153,1092.6116718426501,1597.132080078125,94.3359375,2393.337646484375,17588288.0
154,1092.8080729166666,1649.507568359375,93.75,2378.001708984375,18476702.0
155,1092.3326942740287,1492.4820556640625,95.5078125,2659.599609375,20467048.0
156,1092.950664893617,1823.607177734375,91.796875,2355.84716796875,17550340.0
157,1093.616640946502,1545.893798828125,94.921875,2451.306640625,19050082.0
158,1092.0560930962342,1683.5997314453125,93.359375,2337.84326171875,17465958.0
159,1095.1381406903765,1686.4765625,93.359375,2433.35595703125,19538324.0
160,1093.6396983640082,1493.7298583984375,95.5078125,2375.121826171875,18933806.0
161,1091.2617269392033,1700.258056640625,93.1640625,2078.218017578125,17795728.0
162,1090.2086340206185,1560.060791015625,94.7265625,2546.085205078125,20041230.0
163,1092.68454218107,1545.0089111328125,94.921875,2315.653076171875,17272612.0
164,1093.6711676954733,1545.9459228515625,94.921875,2464.30224609375,19715130.0
165,1095.2908402922756,1669.22705078125,93.5546875,2359.251953125,20156204.0
166,1089.795781893004,1542.2669677734375,94.921875,2298.082763671875,19295654.0
167,1095.9688136456211,1461.173095703125,95.8984375,2257.068115234375,18861750.0
168,1090.1572873443984,1612.21923828125,94.140625,2098.007080078125,18104302.0
169,1094.8161534446765,1668.783203125,93.5546875,1967.9033203125,17899464.0
170,1091.1510307933195,1665.35400390625,93.5546875,2308.370849609375,19127488.0
171,1092.653944672131,1510.185546875,95.3125,2158.124267578125,19068600.0
172,1092.6880230125523,1684.189697265625,93.359375,1840.938720703125,18130102.0
173,1092.6269820295984,1771.1182861328125,92.3828125,1951.376953125,17332964.0
174,1094.8999225206612,1581.89794921875,94.53125,2198.811279296875,18295306.0
175,1091.7998169456066,1683.360107421875,93.359375,2153.389404296875,17920458.0
176,1094.5743331589958,1685.9505615234375,93.359375,1840.88671875,18114858.0
177,1092.370222107438,1579.5059814453125,94.53125,1971.625,17972442.0
178,1091.847084205021,1683.404052734375,93.359375,1993.174072265625,17950166.0
179,1092.3544942348008,1701.2760009765625,93.1640625,1912.2327880859375,18255640.0
180,1091.2285564853557,1682.8271484375,93.359375,1896.5848388671875,16971746.0
181,1094.6293329831933,1720.7880859375,92.96875,1941.0926513671875,17534352.0
182,1095.5481770833333,1652.076171875,93.75,1967.477783203125,18216800.0
183,1092.6997675619834,1579.818115234375,94.53125,2051.235595703125,18493594.0
184,1090.4050657894736,1734.262451171875,92.7734375,1874.485595703125,17168874.0
185,1095.8591804979253,1617.586181640625,94.140625,2047.2320556640625,18897078.0
186,1090.1207474226803,1559.9775390625,94.7265625,2153.306396484375,18893214.0
187,1094.8825363825363,1634.058837890625,93.9453125,1894.133056640625,17013172.0
188,1092.0093293319414,1666.156982421875,93.5546875,1853.1470947265625,16796558.0
189,1094.068890593047,1494.1396484375,95.5078125,1996.055908203125,17765250.0
190,1090.756289308176,1699.7872314453125,93.1640625,1981.716796875,17808428.0
191,1092.9337735355648,1684.4188232421875,93.359375,1757.074462890625,17174896.0
192,1094.1171875,1720.312255859375,92.96875,1876.1605224609375,17747516.0
193,1091.9969863731656,1700.942138671875,93.1640625,1974.5498046875,18519142.0
194,1094.2822830578511,1581.3135986328125,94.53125,1804.563720703125,16893086.0
195,1094.5464544513457,1598.956787109375,94.3359375,2124.30908203125,18935334.0
196,1093.3755208333334,1650.039794921875,93.75,2110.019775390625,18653398.0
197,1095.0200520833334,1651.581298828125,93.75,1868.0289306640625,18456954.0
198,1091.949284957627,1787.89111328125,92.1875,2216.11767578125,19387808.0
199,1095.3014322916667,1651.84521484375,93.75,2197.524169921875,19670922.0
200,1096.0076155462184,1722.06982421875,92.96875,2109.951171875,18810982.0
201,1094.0429936305732,1807.215576171875,91.9921875,2040.448486328125,19018334.0
202,1093.0997520876826,1667.177001953125,93.5546875,2347.8935546875,19648960.0
203,1094.530325052854,1772.8763427734375,92.3828125,2037.708251953125,18059742.0
204,1094.6640300829877,1616.461181640625,94.140625,1888.775634765625,18175262.0
205,1092.8103243670887,1753.8907470703125,92.578125,1797.5660400390625,17835412.0
206,1092.6248673036093,1805.910888671875,91.9921875,2063.674560546875,19492682.0
207,1093.0311197916667,1649.71630859375,93.75,1820.6766357421875,18039440.0
208,1096.220715408805,1704.877685546875,93.1640625,2049.258544921875,18592788.0
209,1093.9786872384936,1685.393310546875,93.359375,2153.85595703125,19153086.0
210,1091.738718879668,1613.706787109375,94.140625,2257.560791015625,19273434.0
211,1092.8451822916666,1649.5428466796875,93.75,2013.3739013671875,18661056.0
212,1091.4674639917696,1543.853515625,94.921875,2141.516845703125,19987396.0
213,1091.6860911885246,1509.2630615234375,95.3125,2100.673828125,18888228.0
214,1090.6340767634854,1612.667236328125,94.140625,2028.2135009765625,19280442.0
215,1090.1867283950617,1542.638427734375,94.921875,1851.6859130859375,18374314.0
216,1091.7815093360996,1613.7471923828125,94.140625,2046.0277099609375,18802870.0
217,1092.0148060796646,1700.9591064453125,93.1640625,2165.266357421875,18944408.0
218,1092.74743852459,1510.2752685546875,95.3125,1946.010986328125,17995454.0
219,1093.7753067484662,1493.860107421875,95.5078125,2200.97314453125,20088870.0
220,1091.3794371196755,1421.97314453125,96.2890625,2046.5673828125,19750388.0
221,1093.5190162271806,1424.031982421875,96.2890625,2274.580810546875,19106602.0
222,1091.5409911087866,1683.118408203125,93.359375,2219.421875,18790700.0
223,1091.8520144628098,1579.015869140625,94.53125,1944.6722412109375,18521158.0
224,1090.5343356092437,1716.98095703125,92.96875,1883.464111328125,18594666.0
225,1093.695601851852,1545.9686279296875,94.921875,1953.737548828125,18660010.0
226,1092.212730532787,1509.764892578125,95.3125,1769.7025146484375,20109386.0
227,1092.0054460580914,1613.958251953125,94.140625,1768.015869140625,18442328.0
228,1095.0638973577236,1442.91259765625,96.09375,1898.8992919921875,19823576.0
229,1092.359178870293,1683.8824462890625,93.359375,1748.2249755859375,18610252.0
230,1091.0808899176955,1543.48681640625,94.921875,1943.9986572265625,18646598.0
231,1090.1228515625,1646.989990234375,93.75,1897.58984375,18610302.0
232,1094.079953798768,1528.939208984375,95.1171875,1866.8824462890625,20430542.0
233,1094.686328125,1651.2679443359375,93.75,1822.3895263671875,19503868.0
234,1093.5765332640333,1632.8323974609375,93.9453125,1496.093994140625,17919394.0
235,1094.4688141683778,1529.308837890625,95.1171875,1864.7186279296875,19332426.0
236,1092.3360861522199,1770.849365234375,92.3828125,1703.3599853515625,17886204.0
237,1090.4544404517453,1525.49072265625,95.1171875,1883.3529052734375,20585726.0
238,1092.7527117768595,1579.867431640625,94.53125,1771.998291015625,19349516.0
239,1093.2604166666667,1754.306640625,92.578125,1691.4119873046875,18364464.0
240,1091.1500262054508,1700.153076171875,93.1640625,1661.1744384765625,18102390.0
241,1091.0125260960333,1665.224609375,93.5546875,1683.4676513671875,18221070.0
242,1093.2053385416666,1649.880126953125,93.75,1664.1982421875,17826102.0
243,1091.9507992662475,1700.899169921875,93.1640625,1623.9124755859375,18862554.0
244,1089.2037321063394,1489.4931640625,95.5078125,1688.69140625,19025566.0
245,1093.8462943632567,1667.875732421875,93.5546875,1580.882080078125,18067236.0
246,1091.5049894957983,1717.883544921875,92.96875,1561.907470703125,18053534.0
247,1092.297619047619,1596.83544921875,94.3359375,1465.7181396484375,17025050.0
248,1091.8248424369747,1718.1806640625,92.96875,1789.6937255859375,18181846.0
249,1094.6319159836066,1512.0712890625,95.3125,1795.2265625,19131604.0
250,1090.7165041067763,1525.74072265625,95.1171875,1739.1640625,18822540.0
251,1094.8954896907217,1564.50048828125,94.7265625,1760.4075927734375,19662186.0
252,1092.9258213552362,1527.8411865234375,95.1171875,1707.2698974609375,18175398.0
253,1092.1449036511156,1422.709716796875,96.2890625,1921.6689453125,20458560.0
254,1091.1898243801652,1578.390869140625,94.53125,1732.2196044921875,18732716.0
255,1091.1760204081634,1473.9771728515625,95.703125,1696.9332275390625,18738714.0
256,1089.3340206185567,1559.2318115234375,94.7265625,1707.1610107421875,19200140.0
257,1094.6999231557377,1512.135986328125,95.3125,1781.8453369140625,18456364.0
258,1088.3292682926829,1436.44140625,96.09375,1712.442626953125,17866470.0
259,1091.9743852459017,1509.5377197265625,95.3125,1606.893798828125,18237902.0
260,1091.672673824131,1491.85107421875,95.5078125,1670.6805419921875,18365500.0
261,1091.2512626262626,1387.0499267578125,96.6796875,1731.1180419921875,19072688.0
262,1091.6975308641975,1544.0718994140625,94.921875,1667.5540771484375,18141230.0
263,1089.7688655030802,1524.8392333984375,95.1171875,1865.052001953125,18683206.0
264,1092.2765625,1649.009521484375,93.75,1708.55859375,18073960.0
265,1089.5244222689075,1716.042236328125,92.96875,1858.815673828125,18678998.0
266,1091.7903645833333,1648.553466796875,93.75,1582.510986328125,18763170.0
267,1090.6418219461698,1595.2734375,94.3359375,1807.74609375,18537016.0
268,1089.504132231405,1576.79638671875,94.53125,1723.270751953125,18684950.0
269,1093.4499486652978,1528.341064453125,95.1171875,1711.9129638671875,18718726.0
270,1092.41150102459,1509.9549560546875,95.3125,1804.208984375,19045928.0
271,1090.0273357289527,1525.08447265625,95.1171875,1698.841064453125,18327740.0
272,1090.834056122449,1473.650390625,95.703125,1659.216064453125,18665152.0
273,1090.8233024691358,1543.24267578125,94.921875,1792.1141357421875,18202916.0
274,1092.2502577319588,1561.995361328125,94.7265625,1812.2210693359375,18237392.0
275,1092.6899334016393,1510.22021484375,95.3125,1749.2508544921875,19213926.0
276,1093.664890852391,1632.9158935546875,93.9453125,1640.132080078125,18501884.0
277,1089.847407597536,1524.913818359375,95.1171875,1812.1824951171875,19519192.0
278,1090.9597138554218,1334.5660400390625,97.265625,1818.8153076171875,19858212.0
279,1093.4951030927834,1563.1741943359375,94.7265625,1885.0765380859375,19815066.0
280,1090.9098958333334,1647.727783203125,93.75,1743.65625,17689426.0
281,1090.7221074380166,1577.9476318359375,94.53125,1494.0968017578125,17183864.0
282,1090.7223807053942,1612.7509765625,94.140625,1567.1396484375,18537958.0
283,1090.006325910931,1403.24853515625,96.484375,1747.0179443359375,19236832.0
284,1092.0213917525773,1561.778076171875,94.7265625,1560.304443359375,18512560.0
285,1092.2038265306123,1474.96044921875,95.703125,1591.7205810546875,17393528.0
286,1094.2807971014493,1598.706298828125,94.3359375,1726.5692138671875,18244102.0
287,1092.2577961215934,1701.1851806640625,93.1640625,1574.9530029296875,17279130.0
288,1091.4360882956878,1526.42431640625,95.1171875,1488.2486572265625,18245910.0
289,1092.5720081135903,1423.121337890625,96.2890625,1591.4017333984375,17768660.0
290,1095.9261482254697,1669.821533203125,93.5546875,1421.2547607421875,18254304.0
291,1090.559533227848,1751.807373046875,92.578125,1392.9735107421875,17409360.0
292,1091.738671875,1648.5047607421875,93.75,1561.8477783203125,17955958.0
293,1095.545918367347,1478.1591796875,95.703125,1445.8431396484375,18595886.0
294,1090.9144329896908,1560.72998046875,94.7265625,1446.379638671875,18739822.0
295,1095.8017988445379,1721.8779296875,92.96875,1674.1136474609375,18939878.0
296,1089.8987422997945,1524.96240234375,95.1171875,1555.4583740234375,17639892.0
297,1092.6820426195427,1631.9918212890625,93.9453125,1531.868408203125,18903014.0
298,1091.9865605427974,1666.1357421875,93.5546875,1485.9742431640625,18198330.0
299,1092.2239152892562,1579.36865234375,94.53125,1633.030517578125,19193202.0
300,1088.9932150313152,1663.335205078125,93.5546875,1510.7574462890625,17999114.0
301,1091.477302631579,1735.257080078125,92.7734375,1501.048095703125,17508646.0
302,1088.9399138830897,1663.285888671875,93.5546875,1337.7042236328125,17502164.0
303,1093.3761550308009,1528.27001953125,95.1171875,1432.230712890625,19247488.0
304,1092.2024428274428,1631.5419921875,93.9453125,1478.660888671875,19664886.0
305,1093.955005186722,1615.79345703125,94.140625,1375.587646484375,18415686.0
306,1089.7185582822085,1489.985107421875,95.5078125,1703.2122802734375,19653918.0
307,1094.2580921052631,1737.8370361328125,92.7734375,1396.8123779296875,17275134.0
308,1090.6993865030674,1490.921630859375,95.5078125,1459.6588134765625,17554814.0
309,1090.738834566596,1769.3740234375,92.3828125,1482.0538330078125,18590170.0
310,1093.3131510416667,1649.9810791015625,93.75,1648.1732177734375,18915220.0
311,1092.1853425732218,1683.720458984375,93.359375,1528.0582275390625,18796214.0
312,1093.031643907563,1719.302734375,92.96875,1413.4622802734375,18140844.0
313,1093.2746443089432,1441.194091796875,96.09375,1474.6868896484375,17888492.0
314,1090.983238045738,1630.39599609375,93.9453125,1601.6873779296875,19325852.0
315,1092.0762004175365,1666.2193603515625,93.5546875,1525.59423828125,18005444.0
316,1091.532087628866,1561.3145751953125,94.7265625,1577.820556640625,18183518.0
317,1091.4792317708334,1648.26220703125,93.75,1536.876220703125,18836742.0
318,1089.5186088295688,1524.6009521484375,95.1171875,1605.246337890625,19254464.0
319,1091.392268041237,1561.1817626953125,94.7265625,1690.6851806640625,19416996.0
320,1088.6862218813906,1488.9991455078125,95.5078125,1597.3570556640625,19299238.0
321,1092.098926380368,1492.2584228515625,95.5078125,1636.0867919921875,19276250.0
322,1087.2064777327935,1400.5469970703125,96.484375,1409.796875,16968386.0
323,1091.8733002092051,1683.428955078125,93.359375,1456.9554443359375,17965054.0
324,1088.1619376278118,1488.49853515625,95.5078125,1425.8680419921875,18501958.0
325,1090.8753826530613,1473.688720703125,95.703125,1446.1146240234375,17703422.0
326,1090.3715932914047,1699.4281005859375,93.1640625,1530.9854736328125,18733940.0
327,1090.3388631687242,1542.78271484375,94.921875,1541.6170654296875,18970766.0
328,1089.1956300813008,1437.27392578125,96.09375,1728.7818603515625,19158506.0
329,1088.9985824742269,1558.914794921875,94.7265625,1584.8095703125,19700232.0
330,1089.1241197183099,1350.184326171875,97.0703125,1597.049560546875,18764590.0
331,1092.2540650406504,1440.2130126953125,96.09375,1641.284423828125,20108302.0
332,1087.9857323232322,1383.892333984375,96.6796875,1617.5611572265625,18816964.0
333,1091.2775402414486,1352.2750244140625,97.0703125,1692.6109619140625,18993830.0
334,1092.7016700404859,1405.84912109375,96.484375,1706.9068603515625,19517558.0
335,1091.5198045267489,1543.903564453125,94.921875,1582.2064208984375,19161134.0
336,1089.2590193089432,1437.334716796875,96.09375,1471.584716796875,20261466.0
337,1091.9621676891616,1492.128173828125,95.5078125,1518.1893310546875,18894778.0
338,1093.8189786585365,1441.716796875,96.09375,1601.9981689453125,18850800.0
339,1091.6193647540983,1509.199462890625,95.3125,1553.8826904296875,19583424.0
340,1090.8873711340207,1560.703857421875,94.7265625,1708.819580078125,19826202.0
341,1090.0864389233955,1594.74951171875,94.3359375,1497.0843505859375,17966848.0
342,1088.3648580121703,1419.070068359375,96.2890625,1537.2772216796875,19746484.0
343,1088.972009202454,1489.271728515625,95.5078125,1551.8441162109375,19060678.0
344,1089.001280737705,1506.7041015625,95.3125,1488.0660400390625,18746160.0
345,1088.0378826530612,1470.97412109375,95.703125,1312.3509521484375,18271254.0
346,1092.0792871900826,1579.230712890625,94.53125,1458.698974609375,19759436.0
347,1089.5079243353782,1489.7838134765625,95.5078125,1396.1263427734375,19027218.0
348,1090.727225672878,1595.3536376953125,94.3359375,1446.0286865234375,18472286.0
349,1091.495918367347,1474.282958984375,95.703125,1514.9871826171875,18275142.0
350,1090.0563151041667,1646.927978515625,93.75,1384.1903076171875,18790900.0
351,1092.4946098562627,1527.4312744140625,95.1171875,1382.5478515625,18264382.0
352,1091.781508264463,1578.94970703125,94.53125,1296.9886474609375,18496862.0
353,1090.246462264151,1699.3114013671875,93.1640625,1363.3568115234375,18377662.0
354,1090.4604989604989,1629.905029296875,93.9453125,1249.970947265625,16970698.0
355,1092.0442057291666,1648.79150390625,93.75,1331.89453125,18636946.0
356,1089.9859707446808,1820.8856201171875,91.796875,1264.3001708984375,17978558.0
357,1091.411955394191,1613.39990234375,94.140625,1139.224853515625,17508900.0
358,1093.9247129436326,1667.948974609375,93.5546875,1224.7691650390625,18442254.0
359,1090.3002028397566,1420.9337158203125,96.2890625,1399.25537109375,20294660.0
360,1091.2798969072164,1561.076171875,94.7265625,1265.6373291015625,19883142.0
361,1089.685855263158,1733.595703125,92.7734375,1217.992431640625,18216106.0
362,1094.058045212766,1824.6241455078125,91.796875,1333.51611328125,18506646.0
363,1092.0877786624203,1805.4168701171875,91.9921875,1284.5784912109375,18342438.0
364,1094.7883043248946,1755.7213134765625,92.578125,1311.93408203125,18587280.0
365,1093.270232371795,1858.692138671875,91.40625,1269.8485107421875,17601666.0
366,1090.630842962185,1717.071533203125,92.96875,1183.8328857421875,19215456.0
367,1093.612266112266,1632.865966796875,93.9453125,1152.7294921875,18400286.0
368,1091.5864197530864,1543.9669189453125,94.921875,1218.9488525390625,18950910.0
369,1090.318080357143,1716.7796630859375,92.96875,1175.845458984375,17894198.0
370,1092.769286087866,1684.2652587890625,93.359375,1267.9193115234375,17283252.0
371,1090.7568440082644,1577.98095703125,94.53125,1326.4306640625,19019886.0
372,1093.9316890495868,1580.98193359375,94.53125,1628.1826171875,20229578.0
373,1090.966554752066,1578.1796875,94.53125,1105.1650390625,17876268.0
374,1091.5265428870293,1683.1051025390625,93.359375,1396.0614013671875,19546140.0
375,1092.5848121085594,1666.6956787109375,93.5546875,1365.1097412109375,18626470.0
376,1092.0183145491803,1509.579833984375,95.3125,1251.8970947265625,19754638.0
377,1093.3268546747968,1441.243408203125,96.09375,1431.0797119140625,19896370.0
378,1091.446630658436,1543.834228515625,94.921875,1343.406494140625,18659588.0
379,1091.0889373716632,1526.0947265625,95.1171875,1316.4498291015625,19221054.0
380,1088.5881147540983,1506.310546875,95.3125,1394.0789794921875,19816236.0
381,1089.318112244898,1472.199462890625,95.703125,1314.796875,17931966.0
382,1087.9021739130435,1592.6888427734375,94.3359375,1370.33203125,18999518.0
383,1091.4507161458334,1648.2353515625,93.75,1229.33203125,19432266.0
384,1092.5198921971253,1527.455078125,95.1171875,1185.0325927734375,17571682.0
385,1092.191863449692,1527.1435546875,95.1171875,1370.370849609375,19598550.0
386,1089.397193877551,1472.27490234375,95.703125,1253.3670654296875,18593550.0
387,1090.5028176229507,1508.1358642578125,95.3125,1229.2431640625,18031988.0
388,1090.94341563786,1543.3564453125,94.921875,1336.534912109375,18209884.0
389,1093.0427231237322,1423.57470703125,96.2890625,1286.9957275390625,18637458.0
390,1090.3316326530612,1473.169189453125,95.703125,1414.69921875,19119890.0
391,1089.1923767967146,1524.29052734375,95.1171875,1166.7042236328125,18625680.0
392,1090.7815040650407,1438.7974853515625,96.09375,1398.9166259765625,19553022.0
393,1089.3980532786886,1507.08203125,95.3125,1282.94921875,18299560.0
394,1091.4423370672098,1456.832275390625,95.8984375,1227.8099365234375,17722576.0
395,1091.7079451345755,1596.279052734375,94.3359375,1336.7215576171875,17990538.0
396,1089.9842469262296,1507.641357421875,95.3125,1282.3232421875,18296602.0
397,1088.155237854251,1401.462890625,96.484375,1392.5882568359375,18691252.0
398,1090.1130154639175,1559.969970703125,94.7265625,1173.12939453125,17768830.0
399,1090.3170546558704,1403.5478515625,96.484375,1355.2542724609375,18496134.0
400,1090.9672067901236,1543.37939453125,94.921875,1372.6641845703125,19252016.0
401,1089.4037196356276,1402.666748046875,96.484375,1461.6922607421875,18115248.0
402,1088.274185336049,1453.794189453125,95.8984375,1375.2484130859375,17651236.0
403,1088.410408266129,1366.897705078125,96.875,1389.4783935546875,19367322.0
404,1089.5199441056911,1437.585693359375,96.09375,1312.750732421875,18461058.0
405,1090.7873724489796,1473.6055908203125,95.703125,1555.36181640625,18715068.0
406,1091.0442655935615,1352.0482177734375,97.0703125,1398.671630859375,19849630.0
407,1090.400585539715,1455.833251953125,95.8984375,1499.480712890625,19402112.0
408,1090.3455882352941,1420.977294921875,96.2890625,1357.7586669921875,18202242.0
409,1090.3311987704917,1507.9722900390625,95.3125,1491.177490234375,19021152.0
410,1090.3832236842106,1403.611572265625,96.484375,1548.0550537109375,19220078.0
411,1091.364075203252,1439.3583984375,96.09375,1393.55859375,18680794.0
412,1090.5597554890219,1281.97314453125,97.8515625,1378.47998046875,18725024.0
413,1091.2007382892057,1456.600830078125,95.8984375,1289.7291259765625,17611646.0
414,1088.1672606924644,1453.69140625,95.8984375,1299.2164306640625,18400484.0
415,1093.609595959596,1389.329833984375,96.6796875,1341.3323974609375,18473932.0
416,1089.1520235655737,1506.8480224609375,95.3125,1287.389404296875,18413150.0
417,1090.0535714285713,1472.902587890625,95.703125,1346.254150390625,19148730.0
418,1088.2544371196755,1418.9638671875,96.2890625,1217.8072509765625,17820054.0
419,1091.1267676767677,1386.9293212890625,96.6796875,1430.3248291015625,19065654.0
420,1088.1506024096386,1331.8338623046875,97.265625,1391.3642578125,18549738.0
421,1088.5842611336031,1401.8758544921875,96.484375,1339.8299560546875,19428486.0
422,1090.6618236472946,1316.875,97.4609375,1239.7220458984375,18481696.0
423,1086.3533604887984,1451.952392578125,95.8984375,1436.4227294921875,18119620.0
424,1087.3343812877263,1348.4483642578125,97.0703125,1314.0194091796875,19309958.0
425,1088.3686995967741,1366.856689453125,96.875,1376.5953369140625,18930128.0
426,1090.7974699398796,1317.00830078125,97.4609375,1437.230712890625,20352878.0
427,1089.0281565656567,1384.9007568359375,96.6796875,1349.6376953125,18536896.0
428,1090.8187885010268,1525.8375244140625,95.1171875,1253.2357177734375,17952004.0
429,1089.6404979674796,1437.701171875,96.09375,1286.4266357421875,18091424.0
430,1090.9945153061224,1473.80322265625,95.703125,1352.1243896484375,17732852.0
431,1089.2321063394684,1489.520751953125,95.5078125,1403.4783935546875,18785334.0
432,1089.7664540816327,1472.627685546875,95.703125,1256.9739990234375,18534930.0
433,1092.565986570248,1579.691162109375,94.53125,1193.6221923828125,17445002.0
434,1090.4280684104629,1351.45068359375,97.0703125,1161.370361328125,19072190.0
435,1090.7090955284552,1438.727783203125,96.09375,1266.7860107421875,17923358.0
436,1088.521849593496,1436.626953125,96.09375,1313.1275634765625,18157018.0
437,1088.3226419878297,1419.029541015625,96.2890625,1242.9586181640625,18607558.0
438,1091.0278614457832,1334.6328125,97.265625,1359.26708984375,18915532.0
439,1089.364837398374,1437.4368896484375,96.09375,1448.2005615234375,18546990.0
440,1088.2998724489796,1471.2242431640625,95.703125,1195.373779296875,17877838.0
441,1090.443864562118,1455.8748779296875,95.8984375,1324.6883544921875,18622860.0
442,1090.5086558044807,1455.93701171875,95.8984375,1196.6304931640625,17616410.0
443,1090.1186985596707,1542.5736083984375,94.921875,1272.55078125,17424348.0
444,1089.1928680981596,1489.4830322265625,95.5078125,1338.1429443359375,19205312.0
445,1092.2758799171843,1596.81494140625,94.3359375,1353.3258056640625,18722150.0
446,1090.7170850409836,1508.339111328125,95.3125,1254.1092529296875,17822992.0
447,1090.4721095334685,1421.09912109375,96.2890625,1297.2513427734375,19066384.0
448,1091.5858729338843,1578.7646484375,94.53125,1508.86376953125,20211194.0
449,1091.1689629258517,1317.3702392578125,97.4609375,1378.50537109375,18761202.0
450,1091.1575920245398,1491.359375,95.5078125,1201.4620361328125,17970224.0
451,1093.9157608695652,1598.362548828125,94.3359375,1404.4202880859375,20129196.0
452,1086.4235537190082,1573.885498046875,94.53125,1365.4156494140625,19480490.0
453,1094.0399590163934,1511.5074462890625,95.3125,1408.642822265625,19721906.0
454,1090.0209194214876,1577.28515625,94.53125,1252.3038330078125,18586890.0
455,1091.5103734439833,1613.491943359375,94.140625,1160.9798583984375,17176446.0
456,1090.8016802443992,1456.2183837890625,95.8984375,1304.9400634765625,18769462.0
457,1092.2135836693549,1370.5819091796875,96.875,1376.3756103515625,18876534.0
458,1091.5481850715746,1491.7325439453125,95.5078125,1213.3099365234375,17570324.0
459,1088.851482617587,1489.1571044921875,95.5078125,1302.341064453125,19210832.0
460,1092.3660714285713,1475.1162109375,95.703125,1287.4732666015625,17674902.0
461,1090.6647611788617,1438.685791015625,96.09375,1220.2762451171875,18264864.0
462,1091.7037321063394,1491.880859375,95.5078125,1136.7879638671875,17620650.0
463,1091.9642857142858,1474.731689453125,95.703125,1260.4617919921875,17696832.0
464,1092.336840770791,1422.894287109375,96.2890625,1338.4273681640625,19247014.0
465,1090.2923924180327,1507.935302734375,95.3125,1202.4737548828125,18314592.0
466,1094.2697638603697,1529.120361328125,95.1171875,1338.5579833984375,18223940.0
467,1091.2423155737704,1508.840087890625,95.3125,1297.7196044921875,18676640.0
468,1091.7929526748972,1544.1630859375,94.921875,1220.6690673828125,17590346.0
469,1092.59375,1475.333984375,95.703125,1296.5894775390625,18974186.0
470,1091.393136743215,1665.5804443359375,93.5546875,1029.5213623046875,17321732.0
471,1090.1404022403258,1455.583740234375,95.8984375,1194.294677734375,17863958.0
472,1089.6056211498974,1524.683837890625,95.1171875,1208.874267578125,17708974.0
473,1089.1782077393075,1454.6611328125,95.8984375,1058.41162109375,16232960.0
474,1089.8181701030928,1559.690673828125,94.7265625,1189.0819091796875,18543326.0
475,1092.605,1301.3720703125,97.65625,1353.4129638671875,19220860.0
476,1089.1253810975609,1437.2064208984375,96.09375,1386.267822265625,18274710.0
477,1087.862923306773,1261.9281005859375,98.046875,1376.8572998046875,18912380.0
478,1088.6713056680162,1401.9599609375,96.484375,1366.1807861328125,18680678.0
479,1087.8863058943089,1436.015869140625,96.09375,1256.1890869140625,18615994.0
480,1089.0379509018037,1315.293212890625,97.4609375,1276.7947998046875,18072790.0
481,1091.2750994035785,1247.8739013671875,98.2421875,1367.2816162109375,18882262.0
482,1088.9855276639344,1506.689453125,95.3125,1355.82080078125,20055314.0
483,1089.8275905432595,1350.8673095703125,97.0703125,1321.158447265625,18346958.0
484,1089.4861534552845,1437.553466796875,96.09375,1305.6217041015625,18058848.0
485,1088.9484406438633,1350.014404296875,97.0703125,1153.7982177734375,18443892.0
486,1089.867617107943,1455.322021484375,95.8984375,1357.4111328125,18954452.0
487,1088.7555555555555,1384.635986328125,96.6796875,1344.4515380859375,19679460.0
488,1087.5738058943089,1435.7156982421875,96.09375,1165.2308349609375,17901474.0
489,1088.5519563008131,1436.6556396484375,96.09375,1329.1090087890625,18472054.0
490,1090.9637423935092,1421.57275390625,96.2890625,1139.2412109375,18353894.0
491,1088.4885563380283,1349.5677490234375,97.0703125,1185.133056640625,18662868.0
492,1090.5065789473683,1403.731201171875,96.484375,959.9929809570312,16486272.0
493,1090.183985943775,1333.8115234375,97.265625,1246.7294921875,18709638.0
494,1091.2513860887098,1369.64990234375,96.875,1189.0185546875,18934906.0
495,1086.3784298780488,1434.566650390625,96.09375,1125.6004638671875,18127370.0
496,1092.0708671399593,1422.638427734375,96.2890625,1146.80419921875,18771952.0
497,1090.276349287169,1455.7147216796875,95.8984375,1172.4305419921875,18526342.0
498,1091.2686116700202,1352.2667236328125,97.0703125,1118.0267333984375,17752608.0
499,1090.5428571428572,1473.37158203125,95.703125,1145.9637451171875,18522162.0
